woord;voorbeeldzin;afbeelding
achterin;Jij mag [achterin] zitten, ik zit voorin.;
afrijden;Volgende week moet ik [afrijden].;
afslag;Neem op de rotonde de tweede [afslag].;
autorijschool;Ik neem les bij een [autorijschool] in de stad.;
bestuurder;De [bestuurder] moet altijd goed opletten.;
praktijk;Na de theorie leer je rijden in de [praktijk].;
examinator;De [examinator] zit naast je in de auto.;
gordel;Doe je [gordel] om!;
kruispunt;Bij het [kruispunt] ga je linksaf.;
meerijden;Mag ik met jou [meerijden] naar school?;
parkeerplaats;Ik zoek een [parkeerplaats] bij de winkel.;🅿️
parkeren;Je mag hier niet [parkeren].;
rem;Trap op de [rem]!;
rijles;Ik heb elke dinsdag [rijles].;
rotonde;Op de [rotonde] ga je rechtsaf.;
schakelen;In deze auto moet je zelf [schakelen].;
slagen;Ik hoop dat ik ga [slagen] voor mijn examen!;
snelheid;In de stad is de [snelheid] maximaal 50 kilometer per uur.;
spiegel;Kijk eerst in je [spiegel].;
theorie;Eerst leer je de [theorie], daarna ga je rijden.;
versnelling;Zet de auto in de eerste [versnelling].;
voetganger;Let op die [voetganger] bij het zebrapad!;🚶
wegrijden;Je mag pas [wegrijden] als het licht groen is.;
zakken;Ik was bang om te [zakken], maar ik ben geslaagd!;
