woord;fouten
aanvullend;aanvuullend|anvullend|aanvulend
achterin;agterin|achterrin|ahcterin
actief;aktief|actif|actiev
afmaken;afmakken|afmaaken|amfaken
afrijden;afreiden|arfijden|afirjden
afschrijven;afsgrijven|afschreiven|asfchrijven
afslag;afslaag|asflag|aflsag
afsluiten;asfluiten|aflsuiten|afsuliten
ambitie;ambiti|ambittie|abmitie
app;ap|ep
autorijschool;autorijschol|autorrijschool|autoreischool
basisverzekering;basisverzekerring|bassisverzekering|basisverzekkering
bestuurder;besturder|bsetuurder|betsuurder
betekenis;betekkenis|bettekenis|betekennis
beveiliger;beveilliger|bevijliger|beveilicher
China;Chiena|Sjina|Chinna
Chinees;Sjinees|Chienees|Chines
competitief;competittief|competitif|coompetitief
corrigeren;corigeren|korrigeren|corrigerren
diploma;diplomma|diplooma|dpiloma
discipline;disipline|disciplien|dicipline
doordeweeks;doordeweks|dordeweeks|dorodeweeks
doorstromen;doorstroomen|doorstrommen|dorstromen
echtpaar;egtpaar|echtpar|ehctpaar
eind;ijnd|aind|eynd
elektricien;elektrisien|elektricin|elektriesien
examinator;examinaator|examinatoor|examinattor
fysiotherapie;fysioterapie|fisiotherapie|fysiotherapi
geldig;geldich|gelddig|cheldig
gordel;goordel|chordel|grodel
herhalen;herhaalen|herhallen|hrehalen
hoogte;hoochte|hogte|hogote
horeca;horreca|hooreca|hroeca
huiswerk;houswerk|huiswerrek|huisverk
initiatief;initsiatief|initiatif|inisiatief
instrument;instruument|instrumment|isntrument
klank;klaank|kalnk|klnak
knap;knapp|kanp|knab
kruispunt;kruispuunt|kurispunt|kriuspunt
leerzaam;leerzam|lerzaam|lerezaam
lesdag;lesdaag|lsedag|ledsag
lesrooster;lesroster|lserooster|lersooster
luchthaven;lugthaven|luchthaaven|luuchthaven
mbo'er;mboer|mbo-er|mbo’r
medisch;medisg|meddisch|mdeisch
meerijden;merijden|meereiden|mereijden
methode;methoode|methodde|mtehode
moeizaam;moijzaam|moeizam|meoizaam
nieuwsbericht;nieuwsberricht|nieuwsberigt|niuwsbericht
niveau;nivo|niveo|nieveau
noodzakelijk;noodzaakelijk|nodzakelijk|noodzakellijk
onbeleefd;onbelefd|onbelleefd|obneleefd
onder;odner|onedr|ondre
ondertiteling;ondertitteling|ondertitelling|odnertiteling
onderwijs;onderweis|odnerwijs|onedrwijs
opmaken;opmaaken|opmakken|ompaken
opnemen;opnemmen|onpemen|openmen
optie;opti|otpie|opite
opzoeken;ozpoeken|opozeken|opzeoken
overmaken;overmaaken|overmakken|oevrmaken
parkeerplaats;parkerplaats|parkeerplats|paarkeerplaats
parkeren;parkerren|paarkeren|prakeren
plus;pluus|pluss|puls
polis;pollis|poolis|plois
portier;portir|poortier|protier
praktijk;prakteik|praaktijk|parktijk
premie;premi|premmie|permie
presteren;presterren|persteren|prseteren
rekenmachine;rekenmagine|rekenmaachine|rekenmachinne
rem;remm|rme
respect;respekt|rispect|respeckt
rijles;reiles|rjiles|riljes
rotonde;rottonde|rotoonde|rootonde
schakelen;sgakelen|schakellen|schaakelen
scholier;sgolier|scholir|schollier
schoonheidsspecialiste;schoonheidspecialiste|schoonhijdsspecialiste|sgoonheidsspecialiste
sector;sectoor|zector|scetor
serie;zerie|seri|serrie
serveerster;zerveerster|serverster|sreveerster
simpel;zimpel|smipel|sipmel
slaappil;slappil|slaapil|salappil
slagen;slachen|slaagen|salgen
snelheid;snelhijd|senlheid|snleheid
spiegel;spigel|spiechel|sipegel
taalcursus;taalcuursus|talcursus|taalcursuus
techniek;tegniek|technik|tekniek
technisch;tegnisch|tcehnisch|tehcnisch
tegenkomen;techenkomen|tegenkoomen|tegenkommen
theorie;teorie|theori|theorrie
toelaten;toelaaten|toelatten|teolaten
toelatingseis;toelattingseis|toelaatingseis|toelatingsijs
uitbreiden;uitbrijden|utibreiden|uibtreiden
uiterlijk;uiterleik|utierlijk|uietrlijk
uitspraak;uitsprak|utispraak|uistpraak
uitspreken;uitsprekken|utispreken|uistpreken
vaderland;vaderlaand|vadderland|faderland
vallen;vaallen|valen|vaalen
vaststellen;faststellen|vaststelen|vaaststellen
verantwoordelijk;verantwoordeleik|ferantwoordelijk|verrantwoordelijk
verantwoordelijkheid;ferantwoordelijkheid|veraantwoordelijkheid|verrantwoordelijkheid
verbaasd;verbasd|ferbaasd|verbaazd
vereniging;verreniging|fereniging|vereniching
vergoeden;fergoeden|verchoeden|vregoeden
verlegen;verlechen|ferlegen|vrelegen
versnelling;versneling|fersnelling|vresnelling
verstaan;verstan|ferstaan|vrestaan
verzekeraar;verzekerar|verzekerraar|ferzekeraar
verzekeren;verzekerren|ferzekeren|verzekkeren
vloeiend;vloeind|vloijend|floeiend
vmbo;
voetganger;voetchanger|voetgaanger|foetganger
volgorde;volgoorde|folgorde|volchorde
volkslied;voolkslied|volkslid|folkslied
voorbereidend;foorbereidend|voorberijdend|vorbereidend
voordoen;vordoen|foordoen|vorodoen
vooropleiding;vooroopleiding|voropleiding|fooropleiding
wegrijden;wechrijden|wegreiden|wgerijden
werkgelegenheid;werkgelegenhijd|werkgellegenheid|werkchelegenheid
wiskunde;wiskuunde|wsikunde|wiksunde
woordenschat;woordenschaat|woordensgat|wordenschat
zakken;zaakken|sakken|zakke
zorgpremie;zorgpremi|zorgpremmie|zorchpremie
zorgverzekeraar;zorgverzekkeraar|zorgverzekerar|zorchverzekeraar
