thema;woord;lidwoord;voorbeeldzin;afbeelding
Boodschappen;appel;de;Ik eet een appel.;🍎
Boodschappen;banaan;de;De banaan is geel.;🍌
Boodschappen;brood;het;Ik koop brood bij de bakker.;🍞
Boodschappen;kaas;de;Kaas komt uit Nederland.;🧀
Boodschappen;melk;de;Ik drink melk.;🥛
Boodschappen;ei;het;Ik eet een ei.;🥚
Boodschappen;rijst;de;De rijst is warm.;🍚
Boodschappen;tomaat;de;De tomaat is rood.;🍅
Boodschappen;wortel;de;Een wortel is oranje.;🥕
Boodschappen;aardappel;de;Ik koop een kilo aardappels.;🥔
Boodschappen;ui;de;Ik snijd een ui.;🧅
Boodschappen;citroen;de;De citroen is zuur.;🍋
Boodschappen;druif;de;Ik eet een druif.;🍇
Boodschappen;aardbei;de;De aardbei is zoet.;🍓
Boodschappen;komkommer;de;De komkommer is groen.;🥒
Boodschappen;koekje;het;Wil je een koekje?;🍪
Boodschappen;pinda;de;Ik eet een pinda.;🥜
Boodschappen;winkelwagen;de;De winkelwagen is vol.;🛒
Boodschappen;bonnetje;het;Hier is uw bonnetje.;🧾
Boodschappen;water;het;Ik drink water.;💧
In de klas;boek;het;Ik lees een boek.;📖
In de klas;pen;de;Mag ik een pen?;🖊️
In de klas;potlood;het;Het potlood is kapot.;✏️
In de klas;tas;de;Mijn tas is zwaar.;🎒
In de klas;klok;de;De klok hangt aan de muur.;🕐
In de klas;computer;de;De computer is aan.;💻
In de klas;telefoon;de;Mijn telefoon is leeg.;📱
In de klas;stoel;de;Ik zit op een stoel.;🪑
In de klas;deur;de;Doe de deur dicht.;🚪
In de klas;raam;het;Het raam is open.;🪟
In de klas;lamp;de;De lamp is aan.;💡
In de klas;papier;het;Ik schrijf op papier.;📄
In de klas;sleutel;de;Waar is mijn sleutel?;🔑
In de klas;bril;de;Ik heb een bril.;👓
In de klas;liniaal;de;De liniaal is lang.;📏
In de klas;kalender;de;Kijk op de kalender.;📅
In de klas;krant;de;Ik lees de krant.;📰
In de klas;envelop;de;De brief zit in de envelop.;✉️
In de klas;schrift;het;Schrijf het in je schrift.;📓
In de klas;map;de;Het papier zit in de map.;🗂️
